family,direction,dtype,batch_size,max_len,embedding_dim,total_lengths,time_us,bytes,gb_per_s
jagged_to_padded_dense,fwd,float32,32,16,128,262,14.16,396552,28.0
jagged_to_padded_dense,bwd,float32,32,16,128,262,17.28,396552,22.9
jagged_2d_to_dense,fwd,float32,32,16,128,262,14.40,396552,27.5
jagged_2d_to_dense,bwd,float32,32,16,128,262,17.52,396552,22.6
dense_to_jagged,fwd,float32,32,16,128,262,15.20,396552,26.1
dense_to_jagged,bwd,float32,32,16,128,262,14.48,396552,27.4
jagged_dense_elementwise_add_jagged_output,fwd,float32,32,16,128,262,15.52,402696,25.9
jagged_dense_elementwise_add_jagged_output,bwd,float32,32,16,128,262,14.40,396552,27.5
jagged_to_padded_dense,fwd,float32,32,64,128,1072,15.32,1597704,104.3
jagged_to_padded_dense,bwd,float32,32,64,128,1072,17.44,1597704,91.6
jagged_2d_to_dense,fwd,float32,32,64,128,1072,15.20,1597704,105.1
jagged_2d_to_dense,bwd,float32,32,64,128,1072,17.52,1597704,91.2
dense_to_jagged,fwd,float32,32,64,128,1072,15.60,1597704,102.4
dense_to_jagged,bwd,float32,32,64,128,1072,15.20,1597704,105.1
jagged_dense_elementwise_add_jagged_output,fwd,float32,32,64,128,1072,16.48,1646856,99.9
jagged_dense_elementwise_add_jagged_output,bwd,float32,32,64,128,1072,15.36,1597704,104.0
jagged_to_padded_dense,fwd,float32,32,200,128,3487,20.56,5062408,246.2
jagged_to_padded_dense,bwd,float32,32,200,128,3487,20.08,5062408,252.1
jagged_2d_to_dense,fwd,float32,32,200,128,3487,20.80,5062408,243.4
jagged_2d_to_dense,bwd,float32,32,200,128,3487,20.16,5062408,251.1
dense_to_jagged,fwd,float32,32,200,128,3487,19.36,5062408,261.5
dense_to_jagged,bwd,float32,32,200,128,3487,20.80,5062408,243.4
jagged_dense_elementwise_add_jagged_output,fwd,float32,32,200,128,3487,22.96,5356296,233.3
jagged_dense_elementwise_add_jagged_output,bwd,float32,32,200,128,3487,20.60,5062408,245.7
jagged_to_padded_dense,fwd,float32,32,256,128,3698,21.92,6087944,277.7
jagged_to_padded_dense,bwd,float32,32,256,128,3698,20.48,6087944,297.3
jagged_2d_to_dense,fwd,float32,32,256,128,3698,22.08,6087944,275.7
jagged_2d_to_dense,bwd,float32,32,256,128,3698,20.48,6087944,297.3
dense_to_jagged,fwd,float32,32,256,128,3698,19.92,6087944,305.6
dense_to_jagged,bwd,float32,32,256,128,3698,22.08,6087944,275.7
jagged_dense_elementwise_add_jagged_output,fwd,float32,32,256,128,3698,23.44,5680392,242.3
jagged_dense_elementwise_add_jagged_output,bwd,float32,32,256,128,3698,22.00,6087944,276.7
jagged_to_padded_dense,fwd,float32,32,512,128,6011,29.28,11466504,391.6
jagged_to_padded_dense,bwd,float32,32,512,128,6011,25.92,11466504,442.4
jagged_2d_to_dense,fwd,float32,32,512,128,6011,28.96,11466504,395.9
jagged_2d_to_dense,bwd,float32,32,512,128,6011,26.00,11466504,441.0
dense_to_jagged,fwd,float32,32,512,128,6011,23.76,11466504,482.6
dense_to_jagged,bwd,float32,32,512,128,6011,29.28,11466504,391.6
jagged_dense_elementwise_add_jagged_output,fwd,float32,32,512,128,6011,29.60,9233160,311.9
jagged_dense_elementwise_add_jagged_output,bwd,float32,32,512,128,6011,28.88,11466504,397.0
jagged_to_padded_dense,fwd,float32,32,1024,128,18727,52.24,26365704,504.7
jagged_to_padded_dense,bwd,float32,32,1024,128,18727,43.64,26365704,604.2
jagged_2d_to_dense,fwd,float32,32,1024,128,18727,52.16,26365704,505.5
jagged_2d_to_dense,bwd,float32,32,1024,128,18727,43.60,26365704,604.7
dense_to_jagged,fwd,float32,32,1024,128,18727,42.08,26365704,626.6
dense_to_jagged,bwd,float32,32,1024,128,18727,51.32,26365704,513.8
jagged_dense_elementwise_add_jagged_output,fwd,float32,32,1024,128,18727,61.52,28764936,467.6
jagged_dense_elementwise_add_jagged_output,bwd,float32,32,1024,128,18727,51.20,26365704,515.0
jagged_to_padded_dense,fwd,float32,128,16,128,1048,15.20,1586184,104.4
jagged_to_padded_dense,bwd,float32,128,16,128,1048,18.96,1586184,83.7
jagged_2d_to_dense,fwd,float32,128,16,128,1048,15.04,1586184,105.5
jagged_2d_to_dense,bwd,float32,128,16,128,1048,18.88,1586184,84.0
dense_to_jagged,fwd,float32,128,16,128,1048,17.00,1586184,93.3
dense_to_jagged,bwd,float32,128,16,128,1048,15.52,1586184,102.2
jagged_dense_elementwise_add_jagged_output,fwd,float32,128,16,128,1048,17.84,1610760,90.3
jagged_dense_elementwise_add_jagged_output,bwd,float32,128,16,128,1048,15.20,1586184,104.4
jagged_to_padded_dense,fwd,float32,128,64,128,4379,22.40,6437384,287.4
jagged_to_padded_dense,bwd,float32,128,64,128,4379,26.20,6437384,245.7
jagged_2d_to_dense,fwd,float32,128,64,128,4379,22.56,6437384,285.3
jagged_2d_to_dense,bwd,float32,128,64,128,4379,26.24,6437384,245.3
dense_to_jagged,fwd,float32,128,64,128,4379,24.12,6437384,266.9
dense_to_jagged,bwd,float32,128,64,128,4379,22.32,6437384,288.4
jagged_dense_elementwise_add_jagged_output,fwd,float32,128,64,128,4379,27.52,6727176,244.4
jagged_dense_elementwise_add_jagged_output,bwd,float32,128,64,128,4379,22.48,6437384,286.4
jagged_to_padded_dense,fwd,float32,128,200,128,14266,41.84,20412424,487.9
jagged_to_padded_dense,bwd,float32,128,200,128,14266,40.88,20412424,499.3
jagged_2d_to_dense,fwd,float32,128,200,128,14266,41.88,20412424,487.4
jagged_2d_to_dense,bwd,float32,128,200,128,14266,40.44,20412424,504.8
dense_to_jagged,fwd,float32,128,200,128,14266,36.08,20412424,565.8
dense_to_jagged,bwd,float32,128,200,128,14266,41.64,20412424,490.2
jagged_dense_elementwise_add_jagged_output,fwd,float32,128,200,128,14266,52.16,21913608,420.1
jagged_dense_elementwise_add_jagged_output,bwd,float32,128,200,128,14266,41.92,20412424,486.9
jagged_to_padded_dense,fwd,float32,128,256,128,17273,49.88,25622024,513.7
jagged_to_padded_dense,bwd,float32,128,256,128,17273,44.72,25622024,572.9
jagged_2d_to_dense,fwd,float32,128,256,128,17273,50.48,25622024,507.6
jagged_2d_to_dense,bwd,float32,128,256,128,17273,44.80,25622024,571.9
dense_to_jagged,fwd,float32,128,256,128,17273,40.56,25622024,631.7
dense_to_jagged,bwd,float32,128,256,128,17273,50.24,25622024,510.0
jagged_dense_elementwise_add_jagged_output,fwd,float32,128,256,128,17273,58.36,26532360,454.6
jagged_dense_elementwise_add_jagged_output,bwd,float32,128,256,128,17273,49.76,25622024,514.9
jagged_to_padded_dense,fwd,float32,128,512,128,34449,90.04,51193352,568.6
jagged_to_padded_dense,bwd,float32,128,512,128,34449,70.48,51193352,726.4
jagged_2d_to_dense,fwd,float32,128,512,128,34449,90.24,51193352,567.3
jagged_2d_to_dense,bwd,float32,128,512,128,34449,70.88,51193352,722.3
dense_to_jagged,fwd,float32,128,512,128,34449,68.00,51193352,752.8
dense_to_jagged,bwd,float32,128,512,128,34449,90.16,51193352,567.8
jagged_dense_elementwise_add_jagged_output,fwd,float32,128,512,128,34449,104.48,52914696,506.5
jagged_dense_elementwise_add_jagged_output,bwd,float32,128,512,128,34449,90.32,51193352,566.8
jagged_to_padded_dense,fwd,float32,128,1024,128,69730,170.88,102811656,601.7
jagged_to_padded_dense,bwd,float32,128,1024,128,69730,122.32,102811656,840.5
jagged_2d_to_dense,fwd,float32,128,1024,128,69730,172.16,102811656,597.2
jagged_2d_to_dense,bwd,float32,128,1024,128,69730,122.32,102811656,840.5
dense_to_jagged,fwd,float32,128,1024,128,69730,123.12,102811656,835.1
dense_to_jagged,bwd,float32,128,1024,128,69730,172.12,102811656,597.3
jagged_dense_elementwise_add_jagged_output,fwd,float32,128,1024,128,69730,197.44,107106312,542.5
jagged_dense_elementwise_add_jagged_output,bwd,float32,128,1024,128,69730,171.60,102811656,599.1
jagged_to_padded_dense,fwd,float32,512,16,128,4090,21.76,6292488,289.2
jagged_to_padded_dense,bwd,float32,512,16,128,4090,23.36,6292488,269.4
jagged_2d_to_dense,fwd,float32,512,16,128,4090,21.76,6292488,289.2
jagged_2d_to_dense,bwd,float32,512,16,128,4090,23.40,6292488,268.9
dense_to_jagged,fwd,float32,512,16,128,4090,22.88,6292488,275.0
dense_to_jagged,bwd,float32,512,16,128,4090,22.16,6292488,284.0
jagged_dense_elementwise_add_jagged_output,fwd,float32,512,16,128,4090,26.96,6286344,233.2
jagged_dense_elementwise_add_jagged_output,bwd,float32,512,16,128,4090,21.80,6292488,288.6
jagged_to_padded_dense,fwd,float32,512,64,128,16099,48.56,25024008,515.3
jagged_to_padded_dense,bwd,float32,512,64,128,16099,46.96,25024008,532.9
jagged_2d_to_dense,fwd,float32,512,64,128,16099,48.32,25024008,517.9
jagged_2d_to_dense,bwd,float32,512,64,128,16099,46.16,25024008,542.1
dense_to_jagged,fwd,float32,512,64,128,16099,41.00,25024008,610.3
dense_to_jagged,bwd,float32,512,64,128,16099,49.36,25024008,507.0
jagged_dense_elementwise_add_jagged_output,fwd,float32,512,64,128,16099,57.76,24732168,428.2
jagged_dense_elementwise_add_jagged_output,bwd,float32,512,64,128,16099,48.32,25024008,517.9
jagged_to_padded_dense,fwd,float32,512,200,128,52899,134.00,79517192,593.4
jagged_to_padded_dense,bwd,float32,512,200,128,52899,105.48,79517192,753.9
jagged_2d_to_dense,fwd,float32,512,200,128,52899,133.28,79517192,596.6
jagged_2d_to_dense,bwd,float32,512,200,128,52899,105.44,79517192,754.1
dense_to_jagged,fwd,float32,512,200,128,52899,97.04,79517192,819.4
dense_to_jagged,bwd,float32,512,200,128,52899,133.68,79517192,594.8
jagged_dense_elementwise_add_jagged_output,fwd,float32,512,200,128,52899,153.44,81256968,529.6
jagged_dense_elementwise_add_jagged_output,bwd,float32,512,200,128,52899,133.68,79517192,594.8
jagged_to_padded_dense,fwd,float32,512,256,128,66886,167.92,101358600,603.6
jagged_to_padded_dense,bwd,float32,512,256,128,66886,130.56,101358600,776.3
jagged_2d_to_dense,fwd,float32,512,256,128,66886,168.12,101358600,602.9
jagged_2d_to_dense,bwd,float32,512,256,128,66886,130.64,101358600,775.9
dense_to_jagged,fwd,float32,512,256,128,66886,121.60,101358600,833.5
dense_to_jagged,bwd,float32,512,256,128,66886,168.24,101358600,602.5
jagged_dense_elementwise_add_jagged_output,fwd,float32,512,256,128,66886,190.64,102741000,538.9
jagged_dense_elementwise_add_jagged_output,bwd,float32,512,256,128,66886,167.84,101358600,603.9
jagged_to_padded_dense,fwd,float32,512,512,128,133307,326.72,202475016,619.7
jagged_to_padded_dense,bwd,float32,512,512,128,133307,237.12,202475016,853.9
jagged_2d_to_dense,fwd,float32,512,512,128,133307,324.96,202475016,623.1
jagged_2d_to_dense,bwd,float32,512,512,128,133307,236.80,202475016,855.0
dense_to_jagged,fwd,float32,512,512,128,133307,227.68,202475016,889.3
dense_to_jagged,bwd,float32,512,512,128,133307,327.68,202475016,617.9
jagged_dense_elementwise_add_jagged_output,fwd,float32,512,512,128,133307,357.76,204763656,572.3
jagged_dense_elementwise_add_jagged_output,bwd,float32,512,512,128,133307,325.56,202475016,621.9
jagged_to_padded_dense,fwd,float32,512,1024,128,253207,579.60,398081544,686.8
jagged_to_padded_dense,bwd,float32,512,1024,128,253207,427.24,398081544,931.8
jagged_2d_to_dense,fwd,float32,512,1024,128,253207,575.80,398081544,691.4
jagged_2d_to_dense,bwd,float32,512,1024,128,253207,428.32,398081544,929.4
dense_to_jagged,fwd,float32,512,1024,128,253207,394.80,398081544,1008.3
dense_to_jagged,bwd,float32,512,1024,128,253207,579.28,398081544,687.2
jagged_dense_elementwise_add_jagged_output,fwd,float32,512,1024,128,253207,576.64,388930056,674.5
jagged_dense_elementwise_add_jagged_output,bwd,float32,512,1024,128,253207,578.64,398081544,688.0
jagged_to_padded_dense,fwd,float32,2048,16,128,16555,48.76,25269768,518.2
jagged_to_padded_dense,bwd,float32,2048,16,128,16555,54.24,25269768,465.9
jagged_2d_to_dense,fwd,float32,2048,16,128,16555,48.88,25269768,517.0
jagged_2d_to_dense,bwd,float32,2048,16,128,16555,55.08,25269768,458.8
dense_to_jagged,fwd,float32,2048,16,128,16555,48.32,25269768,523.0
dense_to_jagged,bwd,float32,2048,16,128,16555,49.20,25269768,513.6
jagged_dense_elementwise_add_jagged_output,fwd,float32,2048,16,128,16555,60.56,25444872,420.2
jagged_dense_elementwise_add_jagged_output,bwd,float32,2048,16,128,16555,48.72,25269768,518.7
jagged_to_padded_dense,fwd,float32,2048,64,128,65904,164.84,100868104,611.9
jagged_to_padded_dense,bwd,float32,2048,64,128,65904,145.56,100868104,693.0
jagged_2d_to_dense,fwd,float32,2048,64,128,65904,164.96,100868104,611.5
jagged_2d_to_dense,bwd,float32,2048,64,128,65904,145.44,100868104,693.5
dense_to_jagged,fwd,float32,2048,64,128,65904,131.20,100868104,768.8
dense_to_jagged,bwd,float32,2048,64,128,65904,165.36,100868104,610.0
jagged_dense_elementwise_add_jagged_output,fwd,float32,2048,64,128,65904,187.28,101244936,540.6
jagged_dense_elementwise_add_jagged_output,bwd,float32,2048,64,128,65904,165.36,100868104,610.0
jagged_to_padded_dense,fwd,float32,2048,200,128,207805,472.04,316127752,669.7
jagged_to_padded_dense,bwd,float32,2048,200,128,207805,389.64,316127752,811.3
jagged_2d_to_dense,fwd,float32,2048,200,128,207805,478.60,316127752,660.5
jagged_2d_to_dense,bwd,float32,2048,200,128,207805,389.04,316127752,812.6
dense_to_jagged,fwd,float32,2048,200,128,207805,342.16,316127752,923.9
dense_to_jagged,bwd,float32,2048,200,128,207805,477.16,316127752,662.5
jagged_dense_elementwise_add_jagged_output,fwd,float32,2048,200,128,207805,503.04,319204872,634.6
jagged_dense_elementwise_add_jagged_output,bwd,float32,2048,200,128,207805,472.84,316127752,668.6
jagged_to_padded_dense,fwd,float32,2048,256,128,258195,581.88,400647688,688.5
jagged_to_padded_dense,bwd,float32,2048,256,128,258195,476.48,400647688,840.8
jagged_2d_to_dense,fwd,float32,2048,256,128,258195,577.92,400647688,693.3
jagged_2d_to_dense,bwd,float32,2048,256,128,258195,476.28,400647688,841.2
dense_to_jagged,fwd,float32,2048,256,128,258195,411.84,400647688,972.8
dense_to_jagged,bwd,float32,2048,256,128,258195,576.60,400647688,694.8
jagged_dense_elementwise_add_jagged_output,fwd,float32,2048,256,128,258195,581.44,396603912,682.1
jagged_dense_elementwise_add_jagged_output,bwd,float32,2048,256,128,258195,577.20,400647688,694.1
jagged_to_padded_dense,fwd,float32,2048,512,128,534206,1081.04,810400776,749.6
jagged_to_padded_dense,bwd,float32,2048,512,128,534206,997.32,810400776,812.6
jagged_2d_to_dense,fwd,float32,2048,512,128,534206,1077.12,810400776,752.4
jagged_2d_to_dense,bwd,float32,2048,512,128,534206,991.48,810400776,817.4
dense_to_jagged,fwd,float32,2048,512,128,534206,757.40,810400776,1070.0
dense_to_jagged,bwd,float32,2048,512,128,534206,1071.20,810400776,756.5
jagged_dense_elementwise_add_jagged_output,fwd,float32,2048,512,128,534206,1006.92,820556808,814.9
jagged_dense_elementwise_add_jagged_output,bwd,float32,2048,512,128,534206,1082.72,810400776,748.5
jagged_to_padded_dense,fwd,float32,2048,1024,128,1023315,2053.12,1597695496,778.2
jagged_to_padded_dense,bwd,float32,2048,1024,128,1023315,1819.44,1597695496,878.1
jagged_2d_to_dense,fwd,float32,2048,1024,128,1023315,2057.16,1597695496,776.7
jagged_2d_to_dense,bwd,float32,2048,1024,128,1023315,1816.04,1597695496,879.8
dense_to_jagged,fwd,float32,2048,1024,128,1023315,1360.52,1597695496,1174.3
dense_to_jagged,bwd,float32,2048,1024,128,1023315,2053.88,1597695496,777.9
jagged_dense_elementwise_add_jagged_output,fwd,float32,2048,1024,128,1023315,1729.36,1571828232,908.9
jagged_dense_elementwise_add_jagged_output,bwd,float32,2048,1024,128,1023315,2053.44,1597695496,778.1
jagged_to_padded_dense,fwd,bfloat16,32,16,128,276,14.16,201992,14.3
jagged_to_padded_dense,bwd,bfloat16,32,16,128,276,17.52,201992,11.5
jagged_2d_to_dense,fwd,bfloat16,32,16,128,276,14.32,201992,14.1
jagged_2d_to_dense,bwd,bfloat16,32,16,128,276,17.52,201992,11.5
dense_to_jagged,fwd,bfloat16,32,16,128,276,15.48,201992,13.0
dense_to_jagged,bwd,bfloat16,32,16,128,276,14.28,201992,14.1
jagged_dense_elementwise_add_jagged_output,fwd,bfloat16,32,16,128,276,15.52,212232,13.7
jagged_dense_elementwise_add_jagged_output,bwd,bfloat16,32,16,128,276,14.32,201992,14.1
jagged_to_padded_dense,fwd,bfloat16,32,64,128,1039,14.56,790536,54.3
jagged_to_padded_dense,bwd,bfloat16,32,64,128,1039,17.84,790536,44.3
jagged_2d_to_dense,fwd,bfloat16,32,64,128,1039,14.56,790536,54.3
jagged_2d_to_dense,bwd,bfloat16,32,64,128,1039,17.44,790536,45.3
dense_to_jagged,fwd,bfloat16,32,64,128,1039,15.52,790536,50.9
dense_to_jagged,bwd,bfloat16,32,64,128,1039,14.64,790536,54.0
jagged_dense_elementwise_add_jagged_output,fwd,bfloat16,32,64,128,1039,15.84,798216,50.4
jagged_dense_elementwise_add_jagged_output,bwd,bfloat16,32,64,128,1039,14.56,790536,54.3
jagged_to_padded_dense,fwd,bfloat16,32,200,128,3241,18.24,2468360,135.3
jagged_to_padded_dense,bwd,bfloat16,32,200,128,3241,18.64,2468360,132.4
jagged_2d_to_dense,fwd,bfloat16,32,200,128,3241,18.32,2468360,134.7
jagged_2d_to_dense,bwd,bfloat16,32,200,128,3241,18.72,2468360,131.9
dense_to_jagged,fwd,bfloat16,32,200,128,3241,17.20,2468360,143.5
dense_to_jagged,bwd,bfloat16,32,200,128,3241,18.16,2468360,135.9
jagged_dense_elementwise_add_jagged_output,fwd,bfloat16,32,200,128,3241,19.32,2489352,128.8
jagged_dense_elementwise_add_jagged_output,bwd,bfloat16,32,200,128,3241,18.16,2468360,135.9
jagged_to_padded_dense,fwd,bfloat16,32,256,128,3742,18.84,3055368,162.2
jagged_to_padded_dense,bwd,bfloat16,32,256,128,3742,19.04,3055368,160.5
jagged_2d_to_dense,fwd,bfloat16,32,256,128,3742,18.80,3055368,162.5
jagged_2d_to_dense,bwd,bfloat16,32,256,128,3742,19.04,3055368,160.5
dense_to_jagged,fwd,bfloat16,32,256,128,3742,17.84,3055368,171.3
dense_to_jagged,bwd,bfloat16,32,256,128,3742,18.80,3055368,162.5
jagged_dense_elementwise_add_jagged_output,fwd,bfloat16,32,256,128,3742,20.68,2874120,139.0
jagged_dense_elementwise_add_jagged_output,bwd,bfloat16,32,256,128,3742,18.88,3055368,161.8
jagged_to_padded_dense,fwd,bfloat16,32,512,128,9125,24.40,6530568,267.6
jagged_to_padded_dense,bwd,bfloat16,32,512,128,9125,27.68,6530568,235.9
jagged_2d_to_dense,fwd,bfloat16,32,512,128,9125,24.40,6530568,267.6
jagged_2d_to_dense,bwd,bfloat16,32,512,128,9125,28.00,6530568,233.2
dense_to_jagged,fwd,bfloat16,32,512,128,9125,24.56,6530568,265.9
dense_to_jagged,bwd,bfloat16,32,512,128,9125,24.32,6530568,268.5
jagged_dense_elementwise_add_jagged_output,fwd,bfloat16,32,512,128,9125,28.96,7008264,242.0
jagged_dense_elementwise_add_jagged_output,bwd,bfloat16,32,512,128,9125,24.40,6530568,267.6
jagged_to_padded_dense,fwd,bfloat16,32,1024,128,16023,34.12,12490760,366.1
jagged_to_padded_dense,bwd,bfloat16,32,1024,128,16023,34.84,12490760,358.5
jagged_2d_to_dense,fwd,bfloat16,32,1024,128,16023,33.92,12490760,368.2
jagged_2d_to_dense,bwd,bfloat16,32,1024,128,16023,34.92,12490760,357.7
dense_to_jagged,fwd,bfloat16,32,1024,128,16023,29.64,12490760,421.4
dense_to_jagged,bwd,bfloat16,32,1024,128,16023,34.56,12490760,361.4
jagged_dense_elementwise_add_jagged_output,fwd,bfloat16,32,1024,128,16023,36.72,12305928,335.1
jagged_dense_elementwise_add_jagged_output,bwd,bfloat16,32,1024,128,16023,34.24,12490760,364.8
jagged_to_padded_dense,fwd,bfloat16,128,16,128,983,14.64,776968,53.1
jagged_to_padded_dense,bwd,bfloat16,128,16,128,983,18.72,776968,41.5
jagged_2d_to_dense,fwd,bfloat16,128,16,128,983,14.72,776968,52.8
jagged_2d_to_dense,bwd,bfloat16,128,16,128,983,18.84,776968,41.2
dense_to_jagged,fwd,bfloat16,128,16,128,983,16.48,776968,47.1
dense_to_jagged,bwd,bfloat16,128,16,128,983,14.76,776968,52.6
jagged_dense_elementwise_add_jagged_output,fwd,bfloat16,128,16,128,983,16.80,755976,45.0
jagged_dense_elementwise_add_jagged_output,bwd,bfloat16,128,16,128,983,14.88,776968,52.2
jagged_to_padded_dense,fwd,bfloat16,128,64,128,3947,19.04,3108616,163.3
jagged_to_padded_dense,bwd,bfloat16,128,64,128,3947,20.32,3108616,153.0
jagged_2d_to_dense,fwd,bfloat16,128,64,128,3947,19.04,3108616,163.3
jagged_2d_to_dense,bwd,bfloat16,128,64,128,3947,20.32,3108616,153.0
dense_to_jagged,fwd,bfloat16,128,64,128,3947,19.20,3108616,161.9
dense_to_jagged,bwd,bfloat16,128,64,128,3947,19.12,3108616,162.6
jagged_dense_elementwise_add_jagged_output,fwd,bfloat16,128,64,128,3947,22.24,3032328,136.3
jagged_dense_elementwise_add_jagged_output,bwd,bfloat16,128,64,128,3947,19.12,3108616,162.6
jagged_to_padded_dense,fwd,bfloat16,128,200,128,14199,31.12,10189576,327.4
jagged_to_padded_dense,bwd,bfloat16,128,200,128,14199,35.72,10189576,285.3
jagged_2d_to_dense,fwd,bfloat16,128,200,128,14199,31.04,10189576,328.3
jagged_2d_to_dense,bwd,bfloat16,128,200,128,14199,35.52,10189576,286.9
dense_to_jagged,fwd,bfloat16,128,200,128,14199,30.88,10189576,330.0
dense_to_jagged,bwd,bfloat16,128,200,128,14199,31.28,10189576,325.8
jagged_dense_elementwise_add_jagged_output,fwd,bfloat16,128,200,128,14199,36.12,10905864,301.9
jagged_dense_elementwise_add_jagged_output,bwd,bfloat16,128,200,128,14199,31.28,10189576,325.8
jagged_to_padded_dense,fwd,bfloat16,128,256,128,15974,34.64,12478984,360.2
jagged_to_padded_dense,bwd,bfloat16,128,256,128,15974,36.80,12478984,339.1
jagged_2d_to_dense,fwd,bfloat16,128,256,128,15974,34.64,12478984,360.2
jagged_2d_to_dense,bwd,bfloat16,128,256,128,15974,37.12,12478984,336.2
dense_to_jagged,fwd,bfloat16,128,256,128,15974,32.72,12478984,381.4
dense_to_jagged,bwd,bfloat16,128,256,128,15974,34.92,12478984,357.4
jagged_dense_elementwise_add_jagged_output,fwd,bfloat16,128,256,128,15974,38.96,12269064,314.9
jagged_dense_elementwise_add_jagged_output,bwd,bfloat16,128,256,128,15974,34.96,12478984,357.0
jagged_to_padded_dense,fwd,bfloat16,128,512,128,30637,55.20,24621320,446.0
jagged_to_padded_dense,bwd,bfloat16,128,512,128,30637,57.76,24621320,426.3
jagged_2d_to_dense,fwd,bfloat16,128,512,128,30637,55.28,24621320,445.4
jagged_2d_to_dense,bwd,bfloat16,128,512,128,30637,56.44,24621320,436.2
dense_to_jagged,fwd,bfloat16,128,512,128,30637,47.88,24621320,514.2
dense_to_jagged,bwd,bfloat16,128,512,128,30637,55.44,24621320,444.1
jagged_dense_elementwise_add_jagged_output,fwd,bfloat16,128,512,128,30637,56.80,23530248,414.3
jagged_dense_elementwise_add_jagged_output,bwd,bfloat16,128,512,128,30637,55.12,24621320,446.7
jagged_to_padded_dense,fwd,bfloat16,128,1024,128,63777,97.20,49882376,513.2
jagged_to_padded_dense,bwd,bfloat16,128,1024,128,63777,93.92,49882376,531.1
jagged_2d_to_dense,fwd,bfloat16,128,1024,128,63777,96.08,49882376,519.2
jagged_2d_to_dense,bwd,bfloat16,128,1024,128,63777,95.00,49882376,525.1
dense_to_jagged,fwd,bfloat16,128,1024,128,63777,82.08,49882376,607.7
dense_to_jagged,bwd,bfloat16,128,1024,128,63777,97.20,49882376,513.2
jagged_dense_elementwise_add_jagged_output,fwd,bfloat16,128,1024,128,63777,101.72,48981768,481.5
jagged_dense_elementwise_add_jagged_output,bwd,bfloat16,128,1024,128,63777,96.24,49882376,518.3
jagged_to_padded_dense,fwd,bfloat16,512,16,128,4105,19.60,3152136,160.8
jagged_to_padded_dense,bwd,bfloat16,512,16,128,4105,24.40,3152136,129.2
jagged_2d_to_dense,fwd,bfloat16,512,16,128,4105,19.72,3152136,159.8
jagged_2d_to_dense,bwd,bfloat16,512,16,128,4105,24.16,3152136,130.5
dense_to_jagged,fwd,bfloat16,512,16,128,4105,22.24,3152136,141.7
dense_to_jagged,bwd,bfloat16,512,16,128,4105,19.68,3152136,160.2
jagged_dense_elementwise_add_jagged_output,fwd,bfloat16,512,16,128,4105,25.16,3156744,125.5
jagged_dense_elementwise_add_jagged_output,bwd,bfloat16,512,16,128,4105,19.76,3152136,159.5
jagged_to_padded_dense,fwd,bfloat16,512,64,128,16813,36.92,12696840,343.9
jagged_to_padded_dense,bwd,bfloat16,512,64,128,16813,44.88,12696840,282.9
jagged_2d_to_dense,fwd,bfloat16,512,64,128,16813,36.88,12696840,344.3
jagged_2d_to_dense,bwd,bfloat16,512,64,128,16813,44.88,12696840,282.9
dense_to_jagged,fwd,bfloat16,512,64,128,16813,38.92,12696840,326.2
dense_to_jagged,bwd,bfloat16,512,64,128,16813,36.80,12696840,345.0
jagged_dense_elementwise_add_jagged_output,fwd,bfloat16,512,64,128,16813,45.68,12916488,282.8
jagged_dense_elementwise_add_jagged_output,bwd,bfloat16,512,64,128,16813,36.88,12696840,344.3
jagged_to_padded_dense,fwd,bfloat16,512,200,128,49732,82.56,38949896,471.8
jagged_to_padded_dense,bwd,bfloat16,512,200,128,49732,87.68,38949896,444.2
jagged_2d_to_dense,fwd,bfloat16,512,200,128,49732,81.52,38949896,477.8
jagged_2d_to_dense,bwd,bfloat16,512,200,128,49732,87.12,38949896,447.1
dense_to_jagged,fwd,bfloat16,512,200,128,49732,76.76,38949896,507.4
dense_to_jagged,bwd,bfloat16,512,200,128,49732,82.56,38949896,471.8
jagged_dense_elementwise_add_jagged_output,fwd,bfloat16,512,200,128,49732,88.00,38198280,434.1
jagged_dense_elementwise_add_jagged_output,bwd,bfloat16,512,200,128,49732,82.36,38949896,472.9
jagged_to_padded_dense,fwd,bfloat16,512,256,128,67804,101.68,50916360,500.8
jagged_to_padded_dense,bwd,bfloat16,512,256,128,67804,114.08,50916360,446.3
jagged_2d_to_dense,fwd,bfloat16,512,256,128,67804,101.40,50916360,502.1
jagged_2d_to_dense,bwd,bfloat16,512,256,128,67804,113.00,50916360,450.6
dense_to_jagged,fwd,bfloat16,512,256,128,67804,97.28,50916360,523.4
dense_to_jagged,bwd,bfloat16,512,256,128,67804,101.92,50916360,499.6
jagged_dense_elementwise_add_jagged_output,fwd,bfloat16,512,256,128,67804,116.72,52077576,446.2
jagged_dense_elementwise_add_jagged_output,bwd,bfloat16,512,256,128,67804,101.04,50916360,503.9
jagged_to_padded_dense,fwd,bfloat16,512,512,128,128345,183.60,99969288,544.5
jagged_to_padded_dense,bwd,bfloat16,512,512,128,128345,189.68,99969288,527.0
jagged_2d_to_dense,fwd,bfloat16,512,512,128,128345,181.76,99969288,550.0
jagged_2d_to_dense,bwd,bfloat16,512,512,128,128345,190.56,99969288,524.6
dense_to_jagged,fwd,bfloat16,512,512,128,128345,164.64,99969288,607.2
dense_to_jagged,bwd,bfloat16,512,512,128,128345,182.84,99969288,546.8
jagged_dense_elementwise_add_jagged_output,fwd,bfloat16,512,512,128,128345,192.96,98573064,510.8
jagged_dense_elementwise_add_jagged_output,bwd,bfloat16,512,512,128,128345,183.36,99969288,545.2
jagged_to_padded_dense,fwd,bfloat16,512,1024,128,267743,355.84,202764040,569.8
jagged_to_padded_dense,bwd,bfloat16,512,1024,128,267743,373.44,202764040,543.0
jagged_2d_to_dense,fwd,bfloat16,512,1024,128,267743,353.04,202764040,574.3
jagged_2d_to_dense,bwd,bfloat16,512,1024,128,267743,372.00,202764040,545.1
dense_to_jagged,fwd,bfloat16,512,1024,128,267743,319.96,202764040,633.7
dense_to_jagged,bwd,bfloat16,512,1024,128,267743,352.00,202764040,576.0
jagged_dense_elementwise_add_jagged_output,fwd,bfloat16,512,1024,128,267743,376.08,205630728,546.8
jagged_dense_elementwise_add_jagged_output,bwd,bfloat16,512,1024,128,267743,352.88,202764040,574.6
jagged_to_padded_dense,fwd,bfloat16,2048,16,128,16353,37.68,12591368,334.2
jagged_to_padded_dense,bwd,bfloat16,2048,16,128,16353,46.08,12591368,273.3
jagged_2d_to_dense,fwd,bfloat16,2048,16,128,16353,37.92,12591368,332.1
jagged_2d_to_dense,bwd,bfloat16,2048,16,128,16353,46.40,12591368,271.4
dense_to_jagged,fwd,bfloat16,2048,16,128,16353,41.76,12591368,301.5
dense_to_jagged,bwd,bfloat16,2048,16,128,16353,38.00,12591368,331.4
jagged_dense_elementwise_add_jagged_output,fwd,bfloat16,2048,16,128,16353,48.32,12575496,260.3
jagged_dense_elementwise_add_jagged_output,bwd,bfloat16,2048,16,128,16353,37.84,12591368,332.8
jagged_to_padded_dense,fwd,bfloat16,2048,64,128,65508,105.52,50340872,477.1
jagged_to_padded_dense,bwd,bfloat16,2048,64,128,65508,122.16,50340872,412.1
jagged_2d_to_dense,fwd,bfloat16,2048,64,128,65508,104.16,50340872,483.3
jagged_2d_to_dense,bwd,bfloat16,2048,64,128,65508,122.80,50340872,409.9
dense_to_jagged,fwd,bfloat16,2048,64,128,65508,109.92,50340872,458.0
dense_to_jagged,bwd,bfloat16,2048,64,128,65508,105.60,50340872,476.7
jagged_dense_elementwise_add_jagged_output,fwd,bfloat16,2048,64,128,65508,124.88,50326536,403.0
jagged_dense_elementwise_add_jagged_output,bwd,bfloat16,2048,64,128,65508,104.32,50340872,482.6
jagged_to_padded_dense,fwd,bfloat16,2048,200,128,201784,289.76,156530696,540.2
jagged_to_padded_dense,bwd,bfloat16,2048,200,128,201784,321.44,156530696,487.0
jagged_2d_to_dense,fwd,bfloat16,2048,200,128,201784,286.88,156530696,545.6
jagged_2d_to_dense,bwd,bfloat16,2048,200,128,201784,319.92,156530696,489.3
dense_to_jagged,fwd,bfloat16,2048,200,128,201784,280.52,156530696,558.0
dense_to_jagged,bwd,bfloat16,2048,200,128,201784,289.84,156530696,540.1
jagged_dense_elementwise_add_jagged_output,fwd,bfloat16,2048,200,128,201784,322.24,154986504,481.0
jagged_dense_elementwise_add_jagged_output,bwd,bfloat16,2048,200,128,201784,286.96,156530696,545.5
jagged_to_padded_dense,fwd,bfloat16,2048,256,128,262085,360.08,201327880,559.1
jagged_to_padded_dense,bwd,bfloat16,2048,256,128,262085,407.28,201327880,494.3
jagged_2d_to_dense,fwd,bfloat16,2048,256,128,262085,357.92,201327880,562.5
jagged_2d_to_dense,bwd,bfloat16,2048,256,128,262085,404.48,201327880,497.7
dense_to_jagged,fwd,bfloat16,2048,256,128,262085,353.36,201327880,569.8
dense_to_jagged,bwd,bfloat16,2048,256,128,262085,360.60,201327880,558.3
jagged_dense_elementwise_add_jagged_output,fwd,bfloat16,2048,256,128,262085,407.04,201297672,494.5
jagged_dense_elementwise_add_jagged_output,bwd,bfloat16,2048,256,128,262085,358.16,201327880,562.1
jagged_to_padded_dense,fwd,bfloat16,2048,512,128,522768,688.08,402280456,584.6
jagged_to_padded_dense,bwd,bfloat16,2048,512,128,522768,771.44,402280456,521.5
jagged_2d_to_dense,fwd,bfloat16,2048,512,128,522768,680.40,402280456,591.2
jagged_2d_to_dense,bwd,bfloat16,2048,512,128,522768,768.56,402280456,523.4
dense_to_jagged,fwd,bfloat16,2048,512,128,522768,665.00,402280456,604.9
dense_to_jagged,bwd,bfloat16,2048,512,128,522768,686.00,402280456,586.4
jagged_dense_elementwise_add_jagged_output,fwd,bfloat16,2048,512,128,522768,754.08,401502216,532.4
jagged_dense_elementwise_add_jagged_output,bwd,bfloat16,2048,512,128,522768,683.68,402280456,588.4
jagged_to_padded_dense,fwd,bfloat16,2048,1024,128,1056914,1330.92,807457288,606.7
jagged_to_padded_dense,bwd,bfloat16,2048,1024,128,1056914,1525.16,807457288,529.4
jagged_2d_to_dense,fwd,bfloat16,2048,1024,128,1056914,1326.88,807457288,608.5
jagged_2d_to_dense,bwd,bfloat16,2048,1024,128,1056914,1521.96,807457288,530.5
dense_to_jagged,fwd,bfloat16,2048,1024,128,1056914,1289.04,807457288,626.4
dense_to_jagged,bwd,bfloat16,2048,1024,128,1056914,1330.32,807457288,607.0
jagged_dense_elementwise_add_jagged_output,fwd,bfloat16,2048,1024,128,1056914,1456.24,811726344,557.4
jagged_dense_elementwise_add_jagged_output,bwd,bfloat16,2048,1024,128,1056914,1327.60,807457288,608.2
jagged_to_padded_dense,fwd,float16,32,16,128,285,14.16,204296,14.4
jagged_to_padded_dense,bwd,float16,32,16,128,285,17.84,204296,11.5
jagged_2d_to_dense,fwd,float16,32,16,128,285,14.24,204296,14.3
jagged_2d_to_dense,bwd,float16,32,16,128,285,17.84,204296,11.5
dense_to_jagged,fwd,float16,32,16,128,285,16.40,204296,12.5
dense_to_jagged,bwd,float16,32,16,128,285,14.24,204296,14.3
jagged_dense_elementwise_add_jagged_output,fwd,float16,32,16,128,285,16.64,219144,13.2
jagged_dense_elementwise_add_jagged_output,bwd,float16,32,16,128,285,14.16,204296,14.4
jagged_to_padded_dense,fwd,float16,32,64,128,1051,14.64,793608,54.2
jagged_to_padded_dense,bwd,float16,32,64,128,1051,17.84,793608,44.5
jagged_2d_to_dense,fwd,float16,32,64,128,1051,14.64,793608,54.2
jagged_2d_to_dense,bwd,float16,32,64,128,1051,17.76,793608,44.7
dense_to_jagged,fwd,float16,32,64,128,1051,17.20,793608,46.1
dense_to_jagged,bwd,float16,32,64,128,1051,14.64,793608,54.2
jagged_dense_elementwise_add_jagged_output,fwd,float16,32,64,128,1051,17.76,807432,45.5
jagged_dense_elementwise_add_jagged_output,bwd,float16,32,64,128,1051,14.64,793608,54.2
jagged_to_padded_dense,fwd,float16,32,200,128,3355,18.24,2497544,136.9
jagged_to_padded_dense,bwd,float16,32,200,128,3355,18.76,2497544,133.1
jagged_2d_to_dense,fwd,float16,32,200,128,3355,17.92,2497544,139.4
jagged_2d_to_dense,bwd,float16,32,200,128,3355,18.72,2497544,133.4
dense_to_jagged,fwd,float16,32,200,128,3355,18.72,2497544,133.4
dense_to_jagged,bwd,float16,32,200,128,3355,18.08,2497544,138.1
jagged_dense_elementwise_add_jagged_output,fwd,float16,32,200,128,3355,20.24,2576904,127.3
jagged_dense_elementwise_add_jagged_output,bwd,float16,32,200,128,3355,18.08,2497544,138.1
jagged_to_padded_dense,fwd,float16,32,256,128,4348,18.72,3210504,171.5
jagged_to_padded_dense,bwd,float16,32,256,128,4348,21.84,3210504,147.0
jagged_2d_to_dense,fwd,float16,32,256,128,4348,18.80,3210504,170.8
jagged_2d_to_dense,bwd,float16,32,256,128,4348,21.56,3210504,148.9
dense_to_jagged,fwd,float16,32,256,128,4348,19.52,3210504,164.5
dense_to_jagged,bwd,float16,32,256,128,4348,18.88,3210504,170.0
jagged_dense_elementwise_add_jagged_output,fwd,float16,32,256,128,4348,21.64,3339528,154.3
jagged_dense_elementwise_add_jagged_output,bwd,float16,32,256,128,4348,18.88,3210504,170.0
jagged_to_padded_dense,fwd,float16,32,512,128,6932,23.52,5969160,253.8
jagged_to_padded_dense,bwd,float16,32,512,128,6932,23.76,5969160,251.2
jagged_2d_to_dense,fwd,float16,32,512,128,6932,23.68,5969160,252.1
jagged_2d_to_dense,bwd,float16,32,512,128,6932,23.84,5969160,250.4
dense_to_jagged,fwd,float16,32,512,128,6932,21.12,5969160,282.6
dense_to_jagged,bwd,float16,32,512,128,6932,23.76,5969160,251.2
jagged_dense_elementwise_add_jagged_output,fwd,float16,32,512,128,6932,24.64,5324040,216.1
jagged_dense_elementwise_add_jagged_output,bwd,float16,32,512,128,6932,23.76,5969160,251.2
jagged_to_padded_dense,fwd,float16,32,1024,128,18196,35.12,13047048,371.5
jagged_to_padded_dense,bwd,float16,32,1024,128,18196,37.52,13047048,347.7
jagged_2d_to_dense,fwd,float16,32,1024,128,18196,34.96,13047048,373.2
jagged_2d_to_dense,bwd,float16,32,1024,128,18196,37.20,13047048,350.7
dense_to_jagged,fwd,float16,32,1024,128,18196,29.52,13047048,442.0
dense_to_jagged,bwd,float16,32,1024,128,18196,35.08,13047048,371.9
jagged_dense_elementwise_add_jagged_output,fwd,float16,32,1024,128,18196,37.32,13974792,374.5
jagged_dense_elementwise_add_jagged_output,bwd,float16,32,1024,128,18196,35.04,13047048,372.3
jagged_to_padded_dense,fwd,float16,128,16,128,1061,14.76,796936,54.0
jagged_to_padded_dense,bwd,float16,128,16,128,1061,18.40,796936,43.3
jagged_2d_to_dense,fwd,float16,128,16,128,1061,14.56,796936,54.7
jagged_2d_to_dense,bwd,float16,128,16,128,1061,18.24,796936,43.7
dense_to_jagged,fwd,float16,128,16,128,1061,17.44,796936,45.7
dense_to_jagged,bwd,float16,128,16,128,1061,14.72,796936,54.1
jagged_dense_elementwise_add_jagged_output,fwd,float16,128,16,128,1061,17.96,815880,45.4
jagged_dense_elementwise_add_jagged_output,bwd,float16,128,16,128,1061,14.72,796936,54.1
jagged_to_padded_dense,fwd,float16,128,64,128,4160,19.20,3163144,164.7
jagged_to_padded_dense,bwd,float16,128,64,128,4160,23.04,3163144,137.3
jagged_2d_to_dense,fwd,float16,128,64,128,4160,19.16,3163144,165.1
jagged_2d_to_dense,bwd,float16,128,64,128,4160,23.00,3163144,137.5
dense_to_jagged,fwd,float16,128,64,128,4160,19.84,3163144,159.4
dense_to_jagged,bwd,float16,128,64,128,4160,19.20,3163144,164.7
jagged_dense_elementwise_add_jagged_output,fwd,float16,128,64,128,4160,21.84,3195912,146.3
jagged_dense_elementwise_add_jagged_output,bwd,float16,128,64,128,4160,19.68,3163144,160.7
jagged_to_padded_dense,fwd,float16,128,200,128,12446,30.96,9740808,314.6
jagged_to_padded_dense,bwd,float16,128,200,128,12446,35.12,9740808,277.4
jagged_2d_to_dense,fwd,float16,128,200,128,12446,30.88,9740808,315.4
jagged_2d_to_dense,bwd,float16,128,200,128,12446,37.60,9740808,259.1
dense_to_jagged,fwd,float16,128,200,128,12446,25.92,9740808,375.8
dense_to_jagged,bwd,float16,128,200,128,12446,30.80,9740808,316.3
jagged_dense_elementwise_add_jagged_output,fwd,float16,128,200,128,12446,30.80,9559560,310.4
jagged_dense_elementwise_add_jagged_output,bwd,float16,128,200,128,12446,31.04,9740808,313.8
jagged_to_padded_dense,fwd,float16,128,256,128,15887,34.72,12456712,358.8
jagged_to_padded_dense,bwd,float16,128,256,128,15887,37.48,12456712,332.4
jagged_2d_to_dense,fwd,float16,128,256,128,15887,34.72,12456712,358.8
jagged_2d_to_dense,bwd,float16,128,256,128,15887,38.36,12456712,324.7
dense_to_jagged,fwd,float16,128,256,128,15887,27.68,12456712,450.0
dense_to_jagged,bwd,float16,128,256,128,15887,34.72,12456712,358.8
jagged_dense_elementwise_add_jagged_output,fwd,float16,128,256,128,15887,34.48,12202248,353.9
jagged_dense_elementwise_add_jagged_output,bwd,float16,128,256,128,15887,34.76,12456712,358.4
jagged_to_padded_dense,fwd,float16,128,512,128,31802,55.12,24919560,452.1
jagged_to_padded_dense,bwd,float16,128,512,128,31802,55.76,24919560,446.9
jagged_2d_to_dense,fwd,float16,128,512,128,31802,54.88,24919560,454.1
jagged_2d_to_dense,bwd,float16,128,512,128,31802,56.84,24919560,438.4
dense_to_jagged,fwd,float16,128,512,128,31802,38.40,24919560,648.9
dense_to_jagged,bwd,float16,128,512,128,31802,54.96,24919560,453.4
jagged_dense_elementwise_add_jagged_output,fwd,float16,128,512,128,31802,54.68,24424968,446.7
jagged_dense_elementwise_add_jagged_output,bwd,float16,128,512,128,31802,55.08,24919560,452.4
jagged_to_padded_dense,fwd,float16,128,1024,128,63338,96.16,49769992,517.6
jagged_to_padded_dense,bwd,float16,128,1024,128,63338,95.24,49769992,522.6
jagged_2d_to_dense,fwd,float16,128,1024,128,63338,96.24,49769992,517.1
jagged_2d_to_dense,bwd,float16,128,1024,128,63338,95.12,49769992,523.2
dense_to_jagged,fwd,float16,128,1024,128,63338,63.28,49769992,786.5
dense_to_jagged,bwd,float16,128,1024,128,63338,96.48,49769992,515.9
jagged_dense_elementwise_add_jagged_output,fwd,float16,128,1024,128,63338,95.40,48644616,509.9
jagged_dense_elementwise_add_jagged_output,bwd,float16,128,1024,128,63338,95.44,49769992,521.5
jagged_to_padded_dense,fwd,float16,512,16,128,3876,19.36,3093512,159.8
jagged_to_padded_dense,bwd,float16,512,16,128,3876,21.20,3093512,145.9
jagged_2d_to_dense,fwd,float16,512,16,128,3876,19.28,3093512,160.5
jagged_2d_to_dense,bwd,float16,512,16,128,3876,21.12,3093512,146.5
dense_to_jagged,fwd,float16,512,16,128,3876,19.60,3093512,157.8
dense_to_jagged,bwd,float16,512,16,128,3876,19.20,3093512,161.1
jagged_dense_elementwise_add_jagged_output,fwd,float16,512,16,128,3876,21.60,2980872,138.0
jagged_dense_elementwise_add_jagged_output,bwd,float16,512,16,128,3876,19.28,3093512,160.5
jagged_to_padded_dense,fwd,float16,512,64,128,16832,36.04,12701704,352.4
jagged_to_padded_dense,bwd,float16,512,64,128,16832,43.04,12701704,295.1
jagged_2d_to_dense,fwd,float16,512,64,128,16832,36.24,12701704,350.5
jagged_2d_to_dense,bwd,float16,512,64,128,16832,43.12,12701704,294.6
dense_to_jagged,fwd,float16,512,64,128,16832,29.24,12701704,434.4
dense_to_jagged,bwd,float16,512,64,128,16832,36.32,12701704,349.7
jagged_dense_elementwise_add_jagged_output,fwd,float16,512,64,128,16832,36.64,12931080,352.9
jagged_dense_elementwise_add_jagged_output,bwd,float16,512,64,128,16832,36.64,12701704,346.7
jagged_to_padded_dense,fwd,float16,512,200,128,50166,81.84,39061000,477.3
jagged_to_padded_dense,bwd,float16,512,200,128,50166,87.44,39061000,446.7
jagged_2d_to_dense,fwd,float16,512,200,128,50166,81.88,39061000,477.1
jagged_2d_to_dense,bwd,float16,512,200,128,50166,88.08,39061000,443.5
dense_to_jagged,fwd,float16,512,200,128,50166,53.12,39061000,735.3
dense_to_jagged,bwd,float16,512,200,128,50166,82.40,39061000,474.0
jagged_dense_elementwise_add_jagged_output,fwd,float16,512,200,128,50166,78.28,38531592,492.2
jagged_dense_elementwise_add_jagged_output,bwd,float16,512,200,128,50166,81.84,39061000,477.3
jagged_to_padded_dense,fwd,float16,512,256,128,64250,99.44,50006536,502.9
jagged_to_padded_dense,bwd,float16,512,256,128,64250,107.16,50006536,466.7
jagged_2d_to_dense,fwd,float16,512,256,128,64250,99.44,50006536,502.9
jagged_2d_to_dense,bwd,float16,512,256,128,64250,107.44,50006536,465.4
dense_to_jagged,fwd,float16,512,256,128,64250,63.60,50006536,786.3
dense_to_jagged,bwd,float16,512,256,128,64250,98.64,50006536,507.0
jagged_dense_elementwise_add_jagged_output,fwd,float16,512,256,128,64250,96.56,49348104,511.1
jagged_dense_elementwise_add_jagged_output,bwd,float16,512,256,128,64250,99.36,50006536,503.3
jagged_to_padded_dense,fwd,float16,512,512,128,130227,181.60,100451080,553.1
jagged_to_padded_dense,bwd,float16,512,512,128,130227,190.88,100451080,526.3
jagged_2d_to_dense,fwd,float16,512,512,128,130227,181.44,100451080,553.6
jagged_2d_to_dense,bwd,float16,512,512,128,130227,191.04,100451080,525.8
dense_to_jagged,fwd,float16,512,512,128,130227,112.92,100451080,889.6
dense_to_jagged,bwd,float16,512,512,128,130227,182.96,100451080,549.0
jagged_dense_elementwise_add_jagged_output,fwd,float16,512,512,128,130227,181.12,100018440,552.2
jagged_dense_elementwise_add_jagged_output,bwd,float16,512,512,128,130227,182.00,100451080,551.9
jagged_to_padded_dense,fwd,float16,512,1024,128,262524,347.92,201427976,578.9
jagged_to_padded_dense,bwd,float16,512,1024,128,262524,363.64,201427976,553.9
jagged_2d_to_dense,fwd,float16,512,1024,128,262524,343.84,201427976,585.8
jagged_2d_to_dense,bwd,float16,512,1024,128,262524,361.88,201427976,556.6
dense_to_jagged,fwd,float16,512,1024,128,262524,214.56,201427976,938.8
dense_to_jagged,bwd,float16,512,1024,128,262524,342.56,201427976,588.0
jagged_dense_elementwise_add_jagged_output,fwd,float16,512,1024,128,262524,352.00,201622536,572.8
jagged_dense_elementwise_add_jagged_output,bwd,float16,512,1024,128,262524,342.60,201427976,587.9
jagged_to_padded_dense,fwd,float16,2048,16,128,16455,37.68,12617480,334.9
jagged_to_padded_dense,bwd,float16,2048,16,128,16455,48.24,12617480,261.6
jagged_2d_to_dense,fwd,float16,2048,16,128,16455,37.60,12617480,335.6
jagged_2d_to_dense,bwd,float16,2048,16,128,16455,48.88,12617480,258.1
dense_to_jagged,fwd,float16,2048,16,128,16455,30.16,12617480,418.4
dense_to_jagged,bwd,float16,2048,16,128,16455,37.84,12617480,333.4
jagged_dense_elementwise_add_jagged_output,fwd,float16,2048,16,128,16455,37.88,12653832,334.1
jagged_dense_elementwise_add_jagged_output,bwd,float16,2048,16,128,16455,37.68,12617480,334.9
jagged_to_padded_dense,fwd,float16,2048,64,128,64273,103.60,50024712,482.9
jagged_to_padded_dense,bwd,float16,2048,64,128,64273,121.16,50024712,412.9
jagged_2d_to_dense,fwd,float16,2048,64,128,64273,102.40,50024712,488.5
jagged_2d_to_dense,bwd,float16,2048,64,128,64273,121.48,50024712,411.8
dense_to_jagged,fwd,float16,2048,64,128,64273,66.32,50024712,754.3
dense_to_jagged,bwd,float16,2048,64,128,64273,103.80,50024712,481.9
jagged_dense_elementwise_add_jagged_output,fwd,float16,2048,64,128,64273,97.72,49378056,505.3
jagged_dense_elementwise_add_jagged_output,bwd,float16,2048,64,128,64273,102.72,50024712,487.0
jagged_to_padded_dense,fwd,float16,2048,200,128,206554,287.36,157751816,549.0
jagged_to_padded_dense,bwd,float16,2048,200,128,206554,326.24,157751816,483.5
jagged_2d_to_dense,fwd,float16,2048,200,128,206554,284.64,157751816,554.2
jagged_2d_to_dense,bwd,float16,2048,200,128,206554,324.80,157751816,485.7
dense_to_jagged,fwd,float16,2048,200,128,206554,175.16,157751816,900.6
dense_to_jagged,bwd,float16,2048,200,128,206554,286.00,157751816,551.6
jagged_dense_elementwise_add_jagged_output,fwd,float16,2048,200,128,206554,282.32,158649864,562.0
jagged_dense_elementwise_add_jagged_output,bwd,float16,2048,200,128,206554,285.52,157751816,552.5
jagged_to_padded_dense,fwd,float16,2048,256,128,266261,357.28,202396936,566.5
jagged_to_padded_dense,bwd,float16,2048,256,128,266261,410.16,202396936,493.5
jagged_2d_to_dense,fwd,float16,2048,256,128,266261,354.40,202396936,571.1
jagged_2d_to_dense,bwd,float16,2048,256,128,266261,408.56,202396936,495.4
dense_to_jagged,fwd,float16,2048,256,128,266261,221.36,202396936,914.3
dense_to_jagged,bwd,float16,2048,256,128,266261,358.48,202396936,564.6
jagged_dense_elementwise_add_jagged_output,fwd,float16,2048,256,128,266261,354.48,204504840,576.9
jagged_dense_elementwise_add_jagged_output,bwd,float16,2048,256,128,266261,356.48,202396936,567.8
jagged_to_padded_dense,fwd,float16,2048,512,128,512964,669.48,399770632,597.1
jagged_to_padded_dense,bwd,float16,2048,512,128,512964,753.52,399770632,530.5
jagged_2d_to_dense,fwd,float16,2048,512,128,512964,665.92,399770632,600.3
jagged_2d_to_dense,bwd,float16,2048,512,128,512964,749.12,399770632,533.7
dense_to_jagged,fwd,float16,2048,512,128,512964,395.20,399770632,1011.6
dense_to_jagged,bwd,float16,2048,512,128,512964,671.32,399770632,595.5
jagged_dense_elementwise_add_jagged_output,fwd,float16,2048,512,128,512964,580.48,393972744,678.7
jagged_dense_elementwise_add_jagged_output,bwd,float16,2048,512,128,512964,666.32,399770632,600.0
jagged_to_padded_dense,fwd,float16,2048,1024,128,1064582,1309.20,809420296,618.3
jagged_to_padded_dense,bwd,float16,2048,1024,128,1064582,1521.56,809420296,532.0
jagged_2d_to_dense,fwd,float16,2048,1024,128,1064582,1305.72,809420296,619.9
jagged_2d_to_dense,bwd,float16,2048,1024,128,1064582,1518.64,809420296,533.0
dense_to_jagged,fwd,float16,2048,1024,128,1064582,733.44,809420296,1103.6
dense_to_jagged,bwd,float16,2048,1024,128,1064582,1309.52,809420296,618.1
jagged_dense_elementwise_add_jagged_output,fwd,float16,2048,1024,128,1064582,1020.12,817615368,801.5
jagged_dense_elementwise_add_jagged_output,bwd,float16,2048,1024,128,1064582,1306.96,809420296,619.3
